<settings>
  <Tag>Office04</Tag>
  <Hosts>127.0.0.1:4782;</Hosts>
  <Password>1234</Password>
  <Delay>3000</Delay>
  <Mutex>QSR_MUTEX_n0f6at7YDD5llBKKrq</Mutex>
  <InstallClient>False</InstallClient>
  <InstallName>Client</InstallName>
  <InstallPath>1</InstallPath>
  <InstallSub>SubDir</InstallSub>
  <HideFile>False</HideFile>
  <HideSubDirectory>False</HideSubDirectory>
  <AddStartup>False</AddStartup>
  <RegistryName>Quasar Client Startup</RegistryName>
  <ChangeIcon>False</ChangeIcon>
  <IconPath>
  </IconPath>
  <ChangeAsmInfo>False</ChangeAsmInfo>
  <Keylogger>False</Keylogger>
  <LogDirectoryName>Logs</LogDirectoryName>
  <HideLogDirectory>False</HideLogDirectory>
  <ProductName>
  </ProductName>
  <Description>
  </Description>
  <CompanyName>
  </CompanyName>
  <Copyright>
  </Copyright>
  <Trademarks>
  </Trademarks>
  <OriginalFilename>
  </OriginalFilename>
  <ProductVersion>
  </ProductVersion>
  <FileVersion>
  </FileVersion>
</settings>